condition,seed,contaminated,task,treesim,process_status,api_error,elapsed_sec,rag_calls,mem_calls,total_tool_calls,openrouter_cost_usd
A1_noplug,s1,,AdvancedExampleCasedContactThermoElasticWellbore,0.1457,success,False,339.6,0,0,8,0.08925630000000001
A1_noplug,s1,,AdvancedExampleDeviatedElasticWellbore,0.6515,success,False,215.8,0,0,47,0.25674681
A1_noplug,s1,,AdvancedExampleDruckerPrager,0.7877,success,False,160.4,0,0,65,0.22991079000000003
A1_noplug,s1,,AdvancedExampleExtendedDruckerPrager,0.0,success,False,217.7,0,0,30,0.17984724
A1_noplug,s1,,AdvancedExampleModifiedCamClay,0.1407,success,False,290.5,0,0,71,0.4016447500000001
A1_noplug,s1,,AdvancedExampleViscoDruckerPrager,0.1285,success,False,135.7,0,0,11,0.07508136
A1_noplug,s1,,ExampleDPWellbore,0.9216,success,False,284.6,0,0,48,0.21940802
A1_noplug,s1,,ExampleEDPWellbore,0.932,success,False,386.5,0,0,54,0.34168870999999995
A1_noplug,s1,,ExampleIsothermalLeakyWell,0.3481,success,False,388.1,0,0,18,0.21423078
A1_noplug,s1,,ExampleMandel,0.9253,success,False,253.0,0,0,16,0.13674654
A1_noplug,s1,,ExampleThermalLeakyWell,0.0,failed,False,219.0,0,0,83,0.35187251
A1_noplug,s1,,ExampleThermoporoelasticConsolidation,0.8686,success,False,319.4,0,0,51,0.27206652
A1_noplug,s1,,TutorialPoroelasticity,0.725,success,False,237.3,0,0,21,0.1642506
A1_noplug,s1,,TutorialSneddon,0.1953,success,False,287.7,0,0,16,0.15331493999999998
A1_noplug,s1,,buckleyLeverettProblem,0.7752,success,False,284.3,0,0,57,0.29269118000000005
A1_noplug,s1,,kgdExperimentValidation,0.8875,success,False,419.5,0,0,25,0.29774784
A1_noplug,s1,,pknViscosityDominated,0.021,success,False,164.5,0,0,20,0.08610876
A1_noplug,s2,,AdvancedExampleCasedContactThermoElasticWellbore,0.9503,success,False,248.9,0,0,41,0.20667607999999998
A1_noplug,s2,,AdvancedExampleDeviatedElasticWellbore,0.0,success,False,179.9,0,0,46,0.14719708
A1_noplug,s2,,AdvancedExampleDruckerPrager,0.1732,success,False,181.0,0,0,8,
A1_noplug,s2,,AdvancedExampleExtendedDruckerPrager,0.396,success,False,84.1,0,0,7,
A1_noplug,s2,,AdvancedExampleModifiedCamClay,0.0,success,False,270.6,0,0,12,0.00551184
A1_noplug,s2,,AdvancedExampleViscoDruckerPrager,0.3168,success,False,94.6,0,0,8,
A1_noplug,s2,,ExampleDPWellbore,1.0,success,False,344.0,0,0,65,0.24574995
A1_noplug,s2,,ExampleEDPWellbore,0.0146,success,False,122.4,0,0,9,0.03090996
A1_noplug,s2,,ExampleIsothermalLeakyWell,0.1097,success,False,203.4,0,0,2,0.00957792
A1_noplug,s2,,ExampleMandel,0.269,success,False,273.2,0,0,16,0.08808311999999999
A1_noplug,s2,,ExampleThermalLeakyWell,0.9514,success,False,387.9,0,0,75,0.21985366000000003
A1_noplug,s2,,ExampleThermoporoelasticConsolidation,0.0044,success,False,595.3,0,0,32,0.30529062
A1_noplug,s2,,TutorialPoroelasticity,0.0,success,False,113.0,0,0,9,
A1_noplug,s2,,TutorialSneddon,0.1334,success,False,335.8,0,0,17,0.08749115999999998
A1_noplug,s2,,buckleyLeverettProblem,0.9611,success,False,460.3,0,0,147,0.7203447900000003
A1_noplug,s2,,kgdExperimentValidation,1.0,success,False,195.5,0,0,43,0.26003811
A1_noplug,s2,,pknViscosityDominated,0.0,success,False,177.9,0,0,4,0.014414820000000002
A2_plug_nohook,s1,,AdvancedExampleCasedContactThermoElasticWellbore,0.3403,success,False,575.1,25,0,41,0.52923048
A2_plug_nohook,s1,,AdvancedExampleDeviatedElasticWellbore,0.0,success,False,35.4,2,0,2,0.00937602
A2_plug_nohook,s1,,AdvancedExampleDruckerPrager,0.0,success,False,43.5,4,0,7,0.038252879999999996
A2_plug_nohook,s1,,AdvancedExampleExtendedDruckerPrager,1.0,success,False,298.7,9,0,37,0.2765427
A2_plug_nohook,s1,,AdvancedExampleModifiedCamClay,0.5682,success,False,146.5,12,0,19,0.09510096
A2_plug_nohook,s1,,AdvancedExampleViscoDruckerPrager,0.9854,success,False,218.3,14,0,41,0.2471334
A2_plug_nohook,s1,,ExampleDPWellbore,0.0,success,False,38.7,6,0,6,0.01940634
A2_plug_nohook,s1,,ExampleEDPWellbore,0.9454,success,False,172.9,11,0,17,0.11394858000000001
A2_plug_nohook,s1,,ExampleIsothermalLeakyWell,0.3536,success,False,610.5,15,0,25,0.30022326
A2_plug_nohook,s1,,ExampleMandel,0.3135,success,False,288.1,13,0,21,0.17728746
A2_plug_nohook,s1,,ExampleThermalLeakyWell,0.0,success,False,27.3,3,0,3,
A2_plug_nohook,s1,,ExampleThermoporoelasticConsolidation,0.2742,success,False,435.0,31,0,43,0.43588422
A2_plug_nohook,s1,,TutorialPoroelasticity,0.6671,success,False,237.2,14,0,25,0.18547073999999997
A2_plug_nohook,s1,,TutorialSneddon,0.1477,success,False,362.4,15,0,36,0.35337372
A2_plug_nohook,s1,,buckleyLeverettProblem,0.6287,success,False,467.6,16,0,44,0.51920856
A2_plug_nohook,s1,,kgdExperimentValidation,0.9226,success,False,157.5,6,0,11,0.08418252
A2_plug_nohook,s1,,pknViscosityDominated,0.3283,success,False,525.8,24,0,37,0.4757665799999999
A2_plug_nohook,s2,,AdvancedExampleCasedContactThermoElasticWellbore,0.0451,success,False,349.0,6,0,12,0.08528166000000001
A2_plug_nohook,s2,,AdvancedExampleDeviatedElasticWellbore,0.1184,success,False,299.2,21,0,33,0.21269328
A2_plug_nohook,s2,,AdvancedExampleDruckerPrager,0.4091,success,False,306.7,14,0,25,0.14242992
A2_plug_nohook,s2,,AdvancedExampleExtendedDruckerPrager,0.4396,success,False,355.7,10,0,31,0.25880532
A2_plug_nohook,s2,,AdvancedExampleModifiedCamClay,0.5389,success,False,118.0,9,0,16,0.06361692
A2_plug_nohook,s2,,AdvancedExampleViscoDruckerPrager,0.5589,success,False,184.1,12,0,20,0.08950620000000001
A2_plug_nohook,s2,,ExampleDPWellbore,0.0662,success,False,251.4,21,0,30,0.20849676
A2_plug_nohook,s2,,ExampleEDPWellbore,0.7045,success,False,318.8,17,0,25,0.18973782
A2_plug_nohook,s2,,ExampleIsothermalLeakyWell,0.1827,success,False,453.3,17,0,29,0.27836081999999995
A2_plug_nohook,s2,,ExampleMandel,0.0,success,False,254.2,13,0,23,0.17257836000000001
A2_plug_nohook,s2,,ExampleThermalLeakyWell,0.3644,success,False,935.8,21,0,66,0.6320049600000001
A2_plug_nohook,s2,,ExampleThermoporoelasticConsolidation,0.2509,success,False,281.1,23,0,35,0.25501278
A2_plug_nohook,s2,,TutorialPoroelasticity,0.1239,success,False,275.0,19,0,33,0.25658226
A2_plug_nohook,s2,,TutorialSneddon,0.2513,success,False,674.4,25,0,46,0.45299088
A2_plug_nohook,s2,,buckleyLeverettProblem,0.3961,success,False,553.7,24,0,39,0.38843748
A2_plug_nohook,s2,,kgdExperimentValidation,0.3748,success,False,568.9,19,0,42,0.3650001000000001
A2_plug_nohook,s2,,pknViscosityDominated,0.3287,success,False,418.8,20,0,30,0.2827866
A3_plug_hook,s1,,AdvancedExampleCasedContactThermoElasticWellbore,0.9911,success,False,173.8,4,0,21,0.16210914
A3_plug_hook,s1,,AdvancedExampleDeviatedElasticWellbore,0.1038,success,False,384.6,15,0,48,0.47467607999999994
A3_plug_hook,s1,,AdvancedExampleDruckerPrager,0.9378,success,False,85.4,6,0,16,0.06712008
A3_plug_hook,s1,,AdvancedExampleExtendedDruckerPrager,0.9533,success,False,247.7,10,0,23,0.1385538
A3_plug_hook,s1,,AdvancedExampleModifiedCamClay,1.0,success,False,125.5,5,0,17,0.0925296
A3_plug_hook,s1,,AdvancedExampleViscoDruckerPrager,0.3734,success,False,120.5,11,0,18,0.058133040000000004
A3_plug_hook,s1,,ExampleDPWellbore,0.9776,success,False,285.1,15,0,25,0.15527886
A3_plug_hook,s1,,ExampleEDPWellbore,0.9912,success,False,371.1,12,0,26,0.14347566
A3_plug_hook,s1,,ExampleIsothermalLeakyWell,0.9643,success,False,386.4,21,0,37,0.28933932
A3_plug_hook,s1,,ExampleMandel,0.412,success,False,210.7,22,0,28,0.21246072
A3_plug_hook,s1,,ExampleThermalLeakyWell,0.3809,success,False,644.7,28,0,40,0.6221365200000001
A3_plug_hook,s1,,ExampleThermoporoelasticConsolidation,0.2765,success,False,374.9,21,0,35,0.39537318000000005
A3_plug_hook,s1,,TutorialPoroelasticity,0.4475,success,False,334.9,15,0,31,0.28180656000000004
A3_plug_hook,s1,,TutorialSneddon,0.1278,success,False,355.8,13,0,39,0.28802111999999996
A3_plug_hook,s1,,buckleyLeverettProblem,0.964,success,False,242.3,13,0,24,0.15633503999999998
A3_plug_hook,s1,,kgdExperimentValidation,0.3944,success,False,404.3,26,0,35,0.28857294
A3_plug_hook,s1,,pknViscosityDominated,0.9989,success,False,103.2,12,0,18,0.13106988000000003
A3_plug_hook,s2,,AdvancedExampleCasedContactThermoElasticWellbore,0.368,success,False,474.0,30,0,44,0.4836813
A3_plug_hook,s2,,AdvancedExampleDeviatedElasticWellbore,0.1462,success,False,237.5,12,0,33,0.28408829999999996
A3_plug_hook,s2,,AdvancedExampleDruckerPrager,0.3609,success,False,181.6,11,0,20,0.13534037999999998
A3_plug_hook,s2,,AdvancedExampleExtendedDruckerPrager,0.7395,success,False,392.1,13,0,36,0.3077533800000001
A3_plug_hook,s2,,AdvancedExampleModifiedCamClay,0.9983,success,False,174.7,15,0,28,0.13655634
A3_plug_hook,s2,,AdvancedExampleViscoDruckerPrager,1.0,success,False,119.1,4,0,13,0.0729579
A3_plug_hook,s2,,ExampleDPWellbore,0.9902,success,False,187.7,10,0,16,0.06178866
A3_plug_hook,s2,,ExampleEDPWellbore,0.9876,success,False,314.1,7,0,29,0.31855326
A3_plug_hook,s2,,ExampleIsothermalLeakyWell,0.9929,success,False,279.3,8,0,22,0.21418968000000002
A3_plug_hook,s2,,ExampleMandel,0.4165,success,False,300.7,20,0,29,0.23629553999999997
A3_plug_hook,s2,,ExampleThermalLeakyWell,0.9665,success,False,271.6,8,0,16,0.12266214
A3_plug_hook,s2,,ExampleThermoporoelasticConsolidation,0.191,success,False,357.3,15,0,25,0.23942868000000003
A3_plug_hook,s2,,TutorialPoroelasticity,0.6853,success,False,236.8,17,0,29,0.2022723
A3_plug_hook,s2,,TutorialSneddon,0.3119,success,False,511.2,43,0,59,0.58318542
A3_plug_hook,s2,,buckleyLeverettProblem,0.51,success,False,250.1,12,0,18,0.13496106
A3_plug_hook,s2,,kgdExperimentValidation,0.2942,success,False,547.7,23,0,40,0.45153023999999997
A3_plug_hook,s2,,pknViscosityDominated,0.9371,success,False,275.4,9,0,18,0.13385298
A3_plug_hook,s3,,AdvancedExampleCasedContactThermoElasticWellbore,0.1274,success,False,387.0,21,0,37,0.30124302000000003
A3_plug_hook,s3,,AdvancedExampleDeviatedElasticWellbore,0.0,success,False,630.6,13,0,37,0.39960132
A3_plug_hook,s3,,AdvancedExampleDruckerPrager,0.5347,success,False,163.9,8,0,15,0.05486568
A3_plug_hook,s3,,AdvancedExampleExtendedDruckerPrager,0.3511,success,False,268.9,13,0,21,0.11669423999999999
A3_plug_hook,s3,,AdvancedExampleModifiedCamClay,0.3274,success,False,294.7,12,0,22,0.11047092
A3_plug_hook,s3,,AdvancedExampleViscoDruckerPrager,0.3948,success,False,179.7,8,0,16,0.0495348
A3_plug_hook,s3,,ExampleDPWellbore,0.1438,success,False,599.2,17,0,33,0.24697188
A3_plug_hook,s3,,ExampleEDPWellbore,0.2982,success,False,380.5,19,0,30,0.18154865999999997
A3_plug_hook,s3,,ExampleIsothermalLeakyWell,0.2777,success,False,370.9,12,0,21,0.19562207999999998
A3_plug_hook,s3,,ExampleMandel,0.3909,success,False,142.0,29,0,34,0.11749074000000001
A3_plug_hook,s3,,ExampleThermalLeakyWell,0.2925,success,False,206.8,9,0,11,0.03615264
A3_plug_hook,s3,,ExampleThermoporoelasticConsolidation,0.1854,success,False,621.2,21,0,36,0.39063354
A3_plug_hook,s3,,TutorialPoroelasticity,0.3191,success,False,570.0,18,0,87,0.5163851399999999
A3_plug_hook,s3,,TutorialSneddon,0.1444,success,False,417.9,21,0,39,0.32869289999999995
A3_plug_hook,s3,,buckleyLeverettProblem,0.3755,success,False,735.4,35,0,47,0.5127826799999999
A3_plug_hook,s3,,kgdExperimentValidation,0.1851,success,False,327.2,18,0,32,0.13939296
A3_plug_hook,s3,,pknViscosityDominated,0.193,success,False,460.2,20,0,29,0.18058806
A4_plug_mem_nohook,s1,,AdvancedExampleCasedContactThermoElasticWellbore,0.9825,success,False,337.4,6,0,16,0.12458256
A4_plug_mem_nohook,s1,,AdvancedExampleDeviatedElasticWellbore,0.9746,success,False,286.4,9,0,19,0.14167079999999999
A4_plug_mem_nohook,s1,,AdvancedExampleDruckerPrager,0.1875,success,False,541.5,11,0,35,0.35257224
A4_plug_mem_nohook,s1,,AdvancedExampleExtendedDruckerPrager,0.9514,success,False,408.5,9,0,22,0.11115486
A4_plug_mem_nohook,s1,,AdvancedExampleModifiedCamClay,0.966,success,False,331.9,8,0,18,0.08433
A4_plug_mem_nohook,s1,,AdvancedExampleViscoDruckerPrager,0.8719,success,False,237.8,9,0,16,0.12307776
A4_plug_mem_nohook,s1,,ExampleDPWellbore,0.9299,success,False,444.2,10,0,18,0.1199151
A4_plug_mem_nohook,s1,,ExampleEDPWellbore,0.9967,success,False,278.9,8,0,15,0.10255284000000002
A4_plug_mem_nohook,s1,,ExampleIsothermalLeakyWell,0.9929,success,False,348.9,7,0,16,0.06306588
A4_plug_mem_nohook,s1,,ExampleMandel,0.0961,success,False,542.5,17,0,31,0.28734342
A4_plug_mem_nohook,s1,,ExampleThermalLeakyWell,0.9724,success,False,482.0,11,0,19,0.10969733999999999
A4_plug_mem_nohook,s1,,ExampleThermoporoelasticConsolidation,0.7632,success,False,518.1,20,0,34,0.4000686
A4_plug_mem_nohook,s1,,TutorialPoroelasticity,0.3436,success,False,454.9,21,0,38,0.43347540000000007
A4_plug_mem_nohook,s1,,TutorialSneddon,0.8966,success,False,507.3,10,0,35,0.39462168000000003
A4_plug_mem_nohook,s1,,buckleyLeverettProblem,0.5164,success,False,197.8,14,0,20,0.13696715999999998
A4_plug_mem_nohook,s1,,kgdExperimentValidation,0.9995,success,False,221.4,4,0,10,0.0590424
A4_plug_mem_nohook,s1,,pknViscosityDominated,1.0,success,False,125.0,6,0,12,0.0665709
A4_plug_mem_nohook,s2,,AdvancedExampleCasedContactThermoElasticWellbore,0.9628,success,False,123.0,6,0,13,0.0403341
A4_plug_mem_nohook,s2,,AdvancedExampleDeviatedElasticWellbore,0.3621,success,False,203.5,16,0,25,0.16179384000000002
A4_plug_mem_nohook,s2,,AdvancedExampleDruckerPrager,1.0,success,False,122.2,8,0,24,0.11147352
A4_plug_mem_nohook,s2,,AdvancedExampleExtendedDruckerPrager,1.0,success,False,217.0,5,0,25,0.13416689999999998
A4_plug_mem_nohook,s2,,AdvancedExampleModifiedCamClay,1.0,success,False,109.9,4,0,17,0.10770720000000002
A4_plug_mem_nohook,s2,,AdvancedExampleViscoDruckerPrager,0.9906,success,False,116.6,11,0,20,0.10746354
A4_plug_mem_nohook,s2,,ExampleDPWellbore,0.426,success,False,377.3,30,0,51,0.5190463800000001
A4_plug_mem_nohook,s2,,ExampleEDPWellbore,0.0,success,False,310.2,25,0,42,0.4967591400000001
A4_plug_mem_nohook,s2,,ExampleIsothermalLeakyWell,0.428,success,False,226.0,12,0,23,0.19410174000000002
A4_plug_mem_nohook,s2,,ExampleMandel,0.9619,success,False,234.8,6,0,34,0.24259109999999998
A4_plug_mem_nohook,s2,,ExampleThermalLeakyWell,0.3535,success,False,347.9,17,0,31,0.35520191999999995
A4_plug_mem_nohook,s2,,ExampleThermoporoelasticConsolidation,0.2141,success,False,263.8,23,0,37,0.33814584000000003
A4_plug_mem_nohook,s2,,TutorialPoroelasticity,0.5394,success,False,340.8,24,0,44,0.42553782000000007
A4_plug_mem_nohook,s2,,TutorialSneddon,0.1208,success,False,225.4,20,0,34,0.29396429999999996
A4_plug_mem_nohook,s2,,buckleyLeverettProblem,0.4396,success,False,205.0,16,0,33,0.3069861
A4_plug_mem_nohook,s2,,kgdExperimentValidation,0.2288,success,False,555.4,35,0,46,0.56112108
A4_plug_mem_nohook,s2,,pknViscosityDominated,0.0,success,False,231.1,14,0,19,0.13585692
A5_plug_mem_hook,s1,,AdvancedExampleCasedContactThermoElasticWellbore,0.0566,success,False,263.2,14,0,25,0.19851851999999998
A5_plug_mem_hook,s1,,AdvancedExampleDeviatedElasticWellbore,0.1372,success,False,294.8,26,0,44,0.43183662
A5_plug_mem_hook,s1,,AdvancedExampleDruckerPrager,0.4532,success,False,171.4,7,0,25,0.1240827
A5_plug_mem_hook,s1,,AdvancedExampleExtendedDruckerPrager,0.3961,success,False,203.6,9,0,18,0.09391674000000001
A5_plug_mem_hook,s1,,AdvancedExampleModifiedCamClay,0.5254,success,False,135.2,7,0,13,0.054746579999999996
A5_plug_mem_hook,s1,,AdvancedExampleViscoDruckerPrager,0.0833,success,False,134.1,7,0,19,0.09358086
A5_plug_mem_hook,s1,,ExampleDPWellbore,0.1409,success,False,378.4,31,0,49,0.46934106
A5_plug_mem_hook,s1,,ExampleEDPWellbore,0.3169,success,False,307.0,21,0,38,0.36661692
A5_plug_mem_hook,s1,,ExampleIsothermalLeakyWell,0.3373,success,False,352.6,28,0,36,0.32558993999999997
A5_plug_mem_hook,s1,,ExampleMandel,0.1229,success,False,211.6,22,0,31,0.25579122000000004
A5_plug_mem_hook,s1,,ExampleThermalLeakyWell,0.383,success,False,624.8,11,0,30,0.38507112
A5_plug_mem_hook,s1,,ExampleThermoporoelasticConsolidation,0.9294,success,False,271.2,3,0,22,0.12306678
A5_plug_mem_hook,s1,,TutorialPoroelasticity,0.2972,success,False,439.9,24,0,37,0.3181588799999999
A5_plug_mem_hook,s1,,TutorialSneddon,0.1436,success,False,418.2,17,0,56,0.44289779999999995
A5_plug_mem_hook,s1,,buckleyLeverettProblem,0.5007,success,False,233.7,14,0,24,0.15880338
A5_plug_mem_hook,s1,,kgdExperimentValidation,0.2871,success,False,270.7,20,0,33,0.2660523
A5_plug_mem_hook,s1,,pknViscosityDominated,0.2824,success,False,178.4,13,0,19,0.1109529
A5_plug_mem_hook,s2,,AdvancedExampleCasedContactThermoElasticWellbore,0.9896,success,False,192.5,10,0,19,0.14570345999999998
A5_plug_mem_hook,s2,,AdvancedExampleDeviatedElasticWellbore,1.0,success,False,88.3,5,0,10,0.047638440000000004
A5_plug_mem_hook,s2,,AdvancedExampleDruckerPrager,0.9983,success,False,233.0,6,0,29,0.1680972
A5_plug_mem_hook,s2,,AdvancedExampleExtendedDruckerPrager,0.0,success,False,356.9,12,0,28,0.22432194
A5_plug_mem_hook,s2,,AdvancedExampleModifiedCamClay,1.0,success,False,79.1,5,0,11,0.06378642
A5_plug_mem_hook,s2,,AdvancedExampleViscoDruckerPrager,0.9514,success,False,121.5,8,0,12,0.07640051999999999
A5_plug_mem_hook,s2,,ExampleDPWellbore,1.0,success,False,134.5,6,0,14,0.06692634
A5_plug_mem_hook,s2,,ExampleEDPWellbore,0.8516,success,False,429.8,18,0,31,0.34595118
A5_plug_mem_hook,s2,,ExampleIsothermalLeakyWell,0.9294,success,False,211.1,6,0,11,0.07664652
A5_plug_mem_hook,s2,,ExampleMandel,0.3121,success,False,192.1,12,0,20,0.15382062000000002
A5_plug_mem_hook,s2,,ExampleThermalLeakyWell,0.9641,success,False,220.2,19,0,26,0.19363188000000003
A5_plug_mem_hook,s2,,ExampleThermoporoelasticConsolidation,0.3095,success,False,296.6,14,0,23,0.19993229999999998
A5_plug_mem_hook,s2,,TutorialPoroelasticity,0.7192,success,False,187.2,8,0,20,0.14916323999999997
A5_plug_mem_hook,s2,,TutorialSneddon,0.0,success,False,392.9,32,0,55,0.6074767799999998
A5_plug_mem_hook,s2,,buckleyLeverettProblem,0.9611,success,False,172.3,15,0,22,0.10793214
A5_plug_mem_hook,s2,,kgdExperimentValidation,1.0,success,False,220.1,15,0,23,0.1586013
A5_plug_mem_hook,s2,,pknViscosityDominated,0.4133,success,False,497.7,23,0,38,0.47965356000000003
A5_plug_mem_hook,s3,,AdvancedExampleCasedContactThermoElasticWellbore,1.0,success,False,481.5,17,0,34,0.37387422000000003
A5_plug_mem_hook,s3,,AdvancedExampleDeviatedElasticWellbore,0.9832,success,False,429.1,10,0,29,0.24989957999999995
A5_plug_mem_hook,s3,,AdvancedExampleDruckerPrager,0.3594,timeout,False,1200.0,10,0,19,0.22394682
A5_plug_mem_hook,s3,,AdvancedExampleExtendedDruckerPrager,0.9854,success,False,166.7,6,0,17,0.08607288000000002
A5_plug_mem_hook,s3,,AdvancedExampleModifiedCamClay,1.0,success,False,159.1,10,0,21,0.11416968000000001
A5_plug_mem_hook,s3,,AdvancedExampleViscoDruckerPrager,0.9983,success,False,135.1,5,0,9,0.04274604
A5_plug_mem_hook,s3,,ExampleDPWellbore,0.9696,success,False,220.5,13,0,24,0.18965724
A5_plug_mem_hook,s3,,ExampleEDPWellbore,1.0,success,False,169.1,9,0,15,0.09442355999999999
A5_plug_mem_hook,s3,,ExampleIsothermalLeakyWell,0.9802,success,False,236.9,7,0,14,0.13625826000000002
A5_plug_mem_hook,s3,,ExampleMandel,0.3068,success,False,358.6,19,0,31,0.30008357999999996
A5_plug_mem_hook,s3,,ExampleThermalLeakyWell,0.3668,success,False,790.8,17,0,42,0.5388937199999999
A5_plug_mem_hook,s3,,ExampleThermoporoelasticConsolidation,0.2908,success,False,375.5,19,0,32,0.33101946000000004
A5_plug_mem_hook,s3,,TutorialPoroelasticity,0.0,success,False,244.2,15,0,19,0.14509728
A5_plug_mem_hook,s3,,TutorialSneddon,0.9822,success,False,433.4,8,0,34,0.24701921999999998
A5_plug_mem_hook,s3,,buckleyLeverettProblem,0.9611,success,False,212.8,7,0,24,0.1732068
A5_plug_mem_hook,s3,,kgdExperimentValidation,1.0,success,False,181.8,10,0,14,0.0774264
A5_plug_mem_hook,s3,,pknViscosityDominated,1.0,success,False,311.8,17,0,24,0.15677424
M_placebo,s1,,AdvancedExampleCasedContactThermoElasticWellbore,0.0451,success,False,840.1,23,0,46,0.66864474
M_placebo,s1,,AdvancedExampleDeviatedElasticWellbore,0.0234,success,False,305.1,11,0,26,
M_placebo,s1,,AdvancedExampleDruckerPrager,0.5667,success,False,443.2,23,0,41,0.23458638000000004
M_placebo,s1,,AdvancedExampleExtendedDruckerPrager,0.4646,success,False,420.8,18,0,44,0.32992926
M_placebo,s1,,AdvancedExampleModifiedCamClay,1.0,success,False,195.2,8,0,25,
M_placebo,s1,,AdvancedExampleViscoDruckerPrager,0.511,success,False,173.6,17,0,22,
M_placebo,s1,,ExampleDPWellbore,0.1471,success,False,387.4,12,0,27,0.19341876
M_placebo,s1,,ExampleEDPWellbore,0.3647,success,False,127.6,13,0,16,
M_placebo,s1,,ExampleIsothermalLeakyWell,0.1844,success,False,454.5,15,0,27,0.1897614
M_placebo,s1,,ExampleMandel,0.1177,success,False,138.8,14,0,27,
M_placebo,s1,,ExampleThermalLeakyWell,0.2874,success,False,649.2,21,0,33,0.34937208
M_placebo,s1,,ExampleThermoporoelasticConsolidation,0.208,success,False,406.1,18,0,31,0.32052186
M_placebo,s1,,TutorialPoroelasticity,0.3926,success,False,376.5,11,0,29,0.21042780000000003
M_placebo,s1,,TutorialSneddon,0.1795,success,False,472.0,14,0,37,0.30308406
M_placebo,s1,,buckleyLeverettProblem,0.2521,success,False,509.3,17,0,43,0.43988646000000003
M_placebo,s1,,kgdExperimentValidation,0.413,success,False,399.0,21,0,37,0.38186508
M_placebo,s1,,pknViscosityDominated,0.2155,success,False,451.7,16,0,24,0.15736044000000002
M_placebo,s2,,AdvancedExampleCasedContactThermoElasticWellbore,0.1912,success,False,458.3,18,0,25,0.27496133999999994
M_placebo,s2,,AdvancedExampleDeviatedElasticWellbore,0.1215,success,False,283.0,14,0,29,0.15792684
M_placebo,s2,,AdvancedExampleDruckerPrager,0.521,success,False,220.1,16,0,23,0.13247994
M_placebo,s2,,AdvancedExampleExtendedDruckerPrager,0.5129,success,False,341.3,11,0,24,0.20191259999999997
M_placebo,s2,,AdvancedExampleModifiedCamClay,0.5094,success,False,230.9,10,0,21,0.11603748
M_placebo,s2,,AdvancedExampleViscoDruckerPrager,0.4565,success,False,178.2,8,0,17,0.09660563999999999
M_placebo,s2,,ExampleDPWellbore,0.1451,success,False,641.4,25,0,49,0.5324266799999999
M_placebo,s2,,ExampleEDPWellbore,0.9891,success,False,259.0,15,0,21,0.13441602
M_placebo,s2,,ExampleIsothermalLeakyWell,0.3483,success,False,570.6,21,0,31,0.31586262000000004
M_placebo,s2,,ExampleMandel,0.9698,success,False,222.9,21,0,30,0.2175372
M_placebo,s2,,ExampleThermalLeakyWell,0.4239,success,False,422.9,19,0,28,0.20216394
M_placebo,s2,,ExampleThermoporoelasticConsolidation,0.1805,success,False,511.4,18,0,38,0.43244364000000013
M_placebo,s2,,TutorialPoroelasticity,0.0,success,False,505.9,20,0,34,0.30923244000000005
M_placebo,s2,,TutorialSneddon,0.0685,success,False,371.9,15,0,34,0.2812152600000001
M_placebo,s2,,buckleyLeverettProblem,0.5917,success,False,345.0,14,0,33,0.37409970000000003
M_placebo,s2,,kgdExperimentValidation,0.3196,success,False,493.3,17,0,35,0.37920054
M_placebo,s2,,pknViscosityDominated,0.3982,success,False,282.1,13,0,22,0.16341354000000002
M_placebo,s3,,AdvancedExampleCasedContactThermoElasticWellbore,0.1505,success,False,354.3,20,0,25,0.10913532000000001
M_placebo,s3,,AdvancedExampleDeviatedElasticWellbore,0.2069,success,False,318.5,18,0,34,0.24105432
M_placebo,s3,,AdvancedExampleDruckerPrager,0.4474,success,False,147.6,12,0,20,0.08145336
M_placebo,s3,,AdvancedExampleExtendedDruckerPrager,0.4084,success,False,285.8,17,0,32,0.19863606000000003
M_placebo,s3,,AdvancedExampleModifiedCamClay,0.2586,success,False,166.7,8,0,18,0.07948013999999999
M_placebo,s3,,AdvancedExampleViscoDruckerPrager,0.9497,success,False,133.5,9,0,19,0.24897504000000004
M_placebo,s3,,ExampleDPWellbore,0.3869,success,False,581.9,50,0,74,2.4127469400000003
M_placebo,s3,,ExampleEDPWellbore,0.2943,success,False,186.5,11,0,23,0.10148453999999998
M_placebo,s3,,ExampleIsothermalLeakyWell,0.2504,success,False,285.4,13,0,15,0.08472282
M_placebo,s3,,ExampleMandel,0.1571,success,False,388.3,11,0,27,0.52850376
M_placebo,s3,,ExampleThermalLeakyWell,0.9808,success,False,370.0,21,0,40,0.79924326
M_placebo,s3,,ExampleThermoporoelasticConsolidation,0.3733,success,False,146.2,22,0,27,0.5662665
M_placebo,s3,,TutorialPoroelasticity,0.3449,success,False,177.6,18,0,26,0.4697562
M_placebo,s3,,TutorialSneddon,0.1181,success,False,306.9,11,0,33,0.4471265400000001
M_placebo,s3,,buckleyLeverettProblem,0.9562,success,False,153.4,16,0,30,0.42366587999999994
M_placebo,s3,,kgdExperimentValidation,0.2712,success,False,431.5,17,0,35,0.30210251999999993
M_placebo,s3,,pknViscosityDominated,0.3237,success,False,327.8,20,0,31,0.51940578
M1_u_cheatsheet_ungrounded,s1,,AdvancedExampleCasedContactThermoElasticWellbore,0.9571,success,False,152.4,7,0,16,0.3030222
M1_u_cheatsheet_ungrounded,s1,,AdvancedExampleDeviatedElasticWellbore,0.9682,success,False,79.8,5,0,13,0.1485606
M1_u_cheatsheet_ungrounded,s1,,AdvancedExampleDruckerPrager,0.9922,success,False,126.0,9,0,23,0.32223
M1_u_cheatsheet_ungrounded,s1,,AdvancedExampleExtendedDruckerPrager,0.9611,success,False,177.4,6,0,26,0.37011360000000004
M1_u_cheatsheet_ungrounded,s1,,AdvancedExampleModifiedCamClay,1.0,success,False,68.8,5,0,11,0.15043799999999996
M1_u_cheatsheet_ungrounded,s1,,AdvancedExampleViscoDruckerPrager,1.0,success,False,74.2,8,0,13,0.1588092
M1_u_cheatsheet_ungrounded,s1,,ExampleDPWellbore,1.0,success,False,77.2,4,0,12,0.1487088
M1_u_cheatsheet_ungrounded,s1,,ExampleEDPWellbore,0.396,success,False,442.0,26,0,44,1.0977432
M1_u_cheatsheet_ungrounded,s1,,ExampleIsothermalLeakyWell,0.9929,success,False,97.7,8,0,13,0.151161
M1_u_cheatsheet_ungrounded,s1,,ExampleMandel,0.9519,success,False,266.7,12,0,30,0.5517749999999999
M1_u_cheatsheet_ungrounded,s1,,ExampleThermalLeakyWell,0.9821,success,False,81.7,8,0,12,0.1297818
M1_u_cheatsheet_ungrounded,s1,,ExampleThermoporoelasticConsolidation,0.9322,success,False,186.4,21,0,33,0.520983
M1_u_cheatsheet_ungrounded,s1,,TutorialPoroelasticity,0.3058,success,False,195.9,18,0,30,0.6206843999999999
M1_u_cheatsheet_ungrounded,s1,,TutorialSneddon,0.2569,success,False,255.1,18,0,35,0.7688994000000001
M1_u_cheatsheet_ungrounded,s1,,buckleyLeverettProblem,0.9844,success,False,162.1,14,0,25,0.40081200000000006
M1_u_cheatsheet_ungrounded,s1,,kgdExperimentValidation,0.9234,success,False,205.1,14,0,22,0.3324264
M1_u_cheatsheet_ungrounded,s1,,pknViscosityDominated,1.0,success,False,109.8,7,0,14,0.2250828
M1_u_cheatsheet_ungrounded,s2,,AdvancedExampleCasedContactThermoElasticWellbore,0.9824,success,False,304.2,29,0,42,1.1522442
M1_u_cheatsheet_ungrounded,s2,,AdvancedExampleDeviatedElasticWellbore,0.9682,success,False,107.7,8,0,17,0.2664936
M1_u_cheatsheet_ungrounded,s2,,AdvancedExampleDruckerPrager,1.0,success,False,107.6,7,0,18,0.29361899999999996
M1_u_cheatsheet_ungrounded,s2,,AdvancedExampleExtendedDruckerPrager,0.9517,success,False,141.3,8,0,17,0.2458824
M1_u_cheatsheet_ungrounded,s2,,AdvancedExampleModifiedCamClay,1.0,success,False,76.7,3,0,15,0.12644640000000001
M1_u_cheatsheet_ungrounded,s2,,AdvancedExampleViscoDruckerPrager,0.9108,success,False,286.5,7,0,28,0.38540501999999993
M1_u_cheatsheet_ungrounded,s2,,ExampleDPWellbore,0.9802,success,False,91.3,8,0,15,0.2353308
M1_u_cheatsheet_ungrounded,s2,,ExampleEDPWellbore,0.9691,success,False,115.7,9,0,16,0.2555646
M1_u_cheatsheet_ungrounded,s2,,ExampleIsothermalLeakyWell,0.8708,success,False,141.0,6,0,19,0.2714784
M1_u_cheatsheet_ungrounded,s2,,ExampleMandel,0.0,success,False,134.7,15,0,23,0.424266
M1_u_cheatsheet_ungrounded,s2,,ExampleThermalLeakyWell,0.9671,success,False,861.1,9,0,57,1.6929718800000004
M1_u_cheatsheet_ungrounded,s2,,ExampleThermoporoelasticConsolidation,0.9002,success,False,152.0,5,0,16,0.24699120000000002
M1_u_cheatsheet_ungrounded,s2,,TutorialPoroelasticity,0.9453,success,False,139.0,8,0,25,0.46462979999999987
M1_u_cheatsheet_ungrounded,s2,,TutorialSneddon,0.2991,success,False,319.1,18,0,39,1.0839185999999998
M1_u_cheatsheet_ungrounded,s2,,buckleyLeverettProblem,0.506,success,False,255.5,20,0,32,0.6684487200000001
M1_u_cheatsheet_ungrounded,s2,,kgdExperimentValidation,0.0543,success,False,131.4,12,0,20,0.2895965999999999
M1_u_cheatsheet_ungrounded,s2,,pknViscosityDominated,1.0,success,False,118.5,5,0,15,0.2067792
M1_u_cheatsheet_ungrounded,s3,,AdvancedExampleCasedContactThermoElasticWellbore,0.3227,success,False,224.2,22,0,31,0.51126882
M1_u_cheatsheet_ungrounded,s3,,AdvancedExampleDeviatedElasticWellbore,0.9468,success,False,127.3,6,0,15,0.07103651999999999
M1_u_cheatsheet_ungrounded,s3,,AdvancedExampleDruckerPrager,0.9983,success,False,180.8,6,0,17,0.14830842000000002
M1_u_cheatsheet_ungrounded,s3,,AdvancedExampleExtendedDruckerPrager,0.6393,success,False,488.6,17,0,28,0.38085876
M1_u_cheatsheet_ungrounded,s3,,AdvancedExampleModifiedCamClay,0.966,success,False,141.1,7,0,19,0.12557778
M1_u_cheatsheet_ungrounded,s3,,AdvancedExampleViscoDruckerPrager,0.5094,success,False,197.3,8,0,21,0.3577569
M1_u_cheatsheet_ungrounded,s3,,ExampleDPWellbore,0.975,success,False,202.7,6,0,15,0.09997632000000001
M1_u_cheatsheet_ungrounded,s3,,ExampleEDPWellbore,0.9408,success,False,118.9,9,0,19,0.2573172
M1_u_cheatsheet_ungrounded,s3,,ExampleIsothermalLeakyWell,0.37,success,False,275.9,16,0,34,0.6303008399999999
M1_u_cheatsheet_ungrounded,s3,,ExampleMandel,0.9892,success,False,281.1,12,0,25,0.34430166000000006
M1_u_cheatsheet_ungrounded,s3,,ExampleThermalLeakyWell,0.9694,success,False,126.9,10,0,18,0.16106742000000002
M1_u_cheatsheet_ungrounded,s3,,ExampleThermoporoelasticConsolidation,0.8996,success,False,156.3,8,0,18,0.23717459999999999
M1_u_cheatsheet_ungrounded,s3,,TutorialPoroelasticity,0.6641,success,False,147.5,13,0,25,0.4854495
M1_u_cheatsheet_ungrounded,s3,,TutorialSneddon,0.3028,success,False,310.8,16,0,42,0.9661597199999999
M1_u_cheatsheet_ungrounded,s3,,buckleyLeverettProblem,0.9427,success,False,349.1,16,0,61,1.3505353199999999
M1_u_cheatsheet_ungrounded,s3,,kgdExperimentValidation,0.9983,success,False,136.5,11,0,20,0.26521434
M1_u_cheatsheet_ungrounded,s3,,pknViscosityDominated,0.2725,success,False,257.8,17,0,32,0.7578561
M1_g_cheatsheet_grounded,s1,,AdvancedExampleCasedContactThermoElasticWellbore,0.9886,success,False,162.9,5,0,16,0.2769195
M1_g_cheatsheet_grounded,s1,,AdvancedExampleDeviatedElasticWellbore,0.9976,success,False,92.1,7,0,14,0.21064080000000002
M1_g_cheatsheet_grounded,s1,,AdvancedExampleDruckerPrager,0.9594,success,False,233.8,11,0,21,0.1865799
M1_g_cheatsheet_grounded,s1,,AdvancedExampleExtendedDruckerPrager,0.5332,success,False,229.2,12,0,26,0.4849182
M1_g_cheatsheet_grounded,s1,,AdvancedExampleModifiedCamClay,0.5867,success,False,204.0,8,0,21,0.28181219999999996
M1_g_cheatsheet_grounded,s1,,AdvancedExampleViscoDruckerPrager,0.9417,success,False,100.5,3,0,18,0.1996422
M1_g_cheatsheet_grounded,s1,,ExampleDPWellbore,0.945,success,False,91.8,4,0,12,0.1548066
M1_g_cheatsheet_grounded,s1,,ExampleEDPWellbore,0.4196,success,False,163.7,14,0,21,0.353265
M1_g_cheatsheet_grounded,s1,,ExampleIsothermalLeakyWell,0.9929,success,False,234.3,8,0,17,0.20690369999999997
M1_g_cheatsheet_grounded,s1,,ExampleMandel,0.9705,success,False,251.2,6,0,29,0.4105428
M1_g_cheatsheet_grounded,s1,,ExampleThermalLeakyWell,0.962,success,False,176.7,6,0,15,0.1511484
M1_g_cheatsheet_grounded,s1,,ExampleThermoporoelasticConsolidation,0.9322,success,False,162.5,11,0,22,0.2971902
M1_g_cheatsheet_grounded,s1,,TutorialPoroelasticity,0.4258,success,False,261.4,12,0,25,0.456954
M1_g_cheatsheet_grounded,s1,,TutorialSneddon,0.9333,success,False,180.8,8,0,27,0.3145584
M1_g_cheatsheet_grounded,s1,,buckleyLeverettProblem,0.9689,success,False,82.4,5,0,13,0.13908600000000002
M1_g_cheatsheet_grounded,s1,,kgdExperimentValidation,0.9196,success,False,485.7,13,0,38,0.8951694
M1_g_cheatsheet_grounded,s1,,pknViscosityDominated,0.4041,success,False,282.9,29,0,47,1.0455672
M1_g_cheatsheet_grounded,s2,,AdvancedExampleCasedContactThermoElasticWellbore,0.9536,success,False,150.6,8,0,17,0.24224999999999997
M1_g_cheatsheet_grounded,s2,,AdvancedExampleDeviatedElasticWellbore,0.4335,success,False,241.3,27,0,36,0.5886552
M1_g_cheatsheet_grounded,s2,,AdvancedExampleDruckerPrager,0.9215,success,False,119.3,11,0,20,0.20186520000000002
M1_g_cheatsheet_grounded,s2,,AdvancedExampleExtendedDruckerPrager,0.9125,success,False,180.0,6,0,16,0.20091479999999998
M1_g_cheatsheet_grounded,s2,,AdvancedExampleModifiedCamClay,0.5157,success,False,170.0,13,0,26,0.41754119999999995
M1_g_cheatsheet_grounded,s2,,AdvancedExampleViscoDruckerPrager,0.9983,success,False,121.9,6,0,15,0.1958244
M1_g_cheatsheet_grounded,s2,,ExampleDPWellbore,1.0,success,False,148.1,8,0,17,0.1785192
M1_g_cheatsheet_grounded,s2,,ExampleEDPWellbore,0.4118,success,False,628.0,20,0,52,1.3905947999999997
M1_g_cheatsheet_grounded,s2,,ExampleIsothermalLeakyWell,0.9876,success,False,225.5,13,0,22,0.3563277
M1_g_cheatsheet_grounded,s2,,ExampleMandel,0.9685,success,False,197.2,13,0,33,0.5250234
M1_g_cheatsheet_grounded,s2,,ExampleThermalLeakyWell,0.9694,success,False,133.9,10,0,17,0.1994724
M1_g_cheatsheet_grounded,s2,,ExampleThermoporoelasticConsolidation,0.2568,success,False,570.1,25,0,50,1.2517101000000004
M1_g_cheatsheet_grounded,s2,,TutorialPoroelasticity,0.2887,success,False,233.5,17,0,33,0.7281623999999999
M1_g_cheatsheet_grounded,s2,,TutorialSneddon,0.3163,success,False,294.6,12,0,26,0.44722290000000003
M1_g_cheatsheet_grounded,s2,,buckleyLeverettProblem,0.93,success,False,278.6,6,0,25,0.28258890000000003
M1_g_cheatsheet_grounded,s2,,kgdExperimentValidation,1.0,success,False,120.3,6,0,14,0.1969206
M1_g_cheatsheet_grounded,s2,,pknViscosityDominated,0.9632,success,False,656.5,27,0,53,1.9699332000000003
M1_g_cheatsheet_grounded,s3,,AdvancedExampleCasedContactThermoElasticWellbore,0.3668,success,False,485.9,30,0,41,0.85201446
M1_g_cheatsheet_grounded,s3,,AdvancedExampleDeviatedElasticWellbore,0.3091,success,False,309.0,20,0,35,0.51327216
M1_g_cheatsheet_grounded,s3,,AdvancedExampleDruckerPrager,0.9611,success,False,95.9,4,0,16,0.14959740000000002
M1_g_cheatsheet_grounded,s3,,AdvancedExampleExtendedDruckerPrager,0.8972,success,False,179.4,7,0,25,0.2507889
M1_g_cheatsheet_grounded,s3,,AdvancedExampleModifiedCamClay,0.9533,success,False,103.1,6,0,16,0.1369464
M1_g_cheatsheet_grounded,s3,,AdvancedExampleViscoDruckerPrager,0.9594,success,False,129.7,4,0,11,0.12921702
M1_g_cheatsheet_grounded,s3,,ExampleDPWellbore,0.968,success,False,148.3,6,0,15,0.17049792
M1_g_cheatsheet_grounded,s3,,ExampleEDPWellbore,0.9833,success,False,89.0,6,0,13,0.180867
M1_g_cheatsheet_grounded,s3,,ExampleIsothermalLeakyWell,0.4561,success,False,292.5,12,0,26,0.5728614000000001
M1_g_cheatsheet_grounded,s3,,ExampleMandel,0.964,success,False,145.6,6,0,16,0.18705821999999997
M1_g_cheatsheet_grounded,s3,,ExampleThermalLeakyWell,0.4791,success,False,387.5,24,0,37,0.9542321999999999
M1_g_cheatsheet_grounded,s3,,ExampleThermoporoelasticConsolidation,0.904,success,False,188.5,9,0,22,0.3014169
M1_g_cheatsheet_grounded,s3,,TutorialPoroelasticity,0.3867,success,False,230.4,24,0,29,0.43064147999999997
M1_g_cheatsheet_grounded,s3,,TutorialSneddon,0.9445,success,False,218.5,9,0,35,0.3985188
M1_g_cheatsheet_grounded,s3,,buckleyLeverettProblem,0.8815,success,False,222.9,8,0,14,0.15092123999999998
M1_g_cheatsheet_grounded,s3,,kgdExperimentValidation,0.7273,success,False,117.1,6,0,13,0.1723968
M1_g_cheatsheet_grounded,s3,,pknViscosityDominated,0.2295,success,False,473.3,14,0,30,0.74229246
M3_g_tool_grounded,s1,,AdvancedExampleCasedContactThermoElasticWellbore,0.0,success,False,23.3,3,0,3,
M3_g_tool_grounded,s1,,AdvancedExampleDeviatedElasticWellbore,0.0825,success,False,246.6,15,0,20,0.08163312
M3_g_tool_grounded,s1,,AdvancedExampleDruckerPrager,0.4718,success,False,273.6,9,0,22,0.10774260000000001
M3_g_tool_grounded,s1,,AdvancedExampleExtendedDruckerPrager,0.4515,success,False,301.1,10,0,35,0.1393938
M3_g_tool_grounded,s1,,AdvancedExampleModifiedCamClay,0.3708,success,False,275.0,10,0,30,0.14939454
M3_g_tool_grounded,s1,,AdvancedExampleViscoDruckerPrager,1.0,success,False,81.3,5,0,9,0.01827786
M3_g_tool_grounded,s1,,ExampleDPWellbore,0.1674,success,False,316.8,12,0,21,0.07718538
M3_g_tool_grounded,s1,,ExampleEDPWellbore,0.2717,success,False,303.4,22,0,32,0.24352044
M3_g_tool_grounded,s1,,ExampleIsothermalLeakyWell,0.3348,success,False,487.5,20,0,30,0.23498046000000003
M3_g_tool_grounded,s1,,ExampleMandel,0.0,success,False,401.5,16,0,30,0.20402939999999997
M3_g_tool_grounded,s1,,ExampleThermalLeakyWell,0.3063,success,False,360.8,15,0,28,0.13552704000000002
M3_g_tool_grounded,s1,,ExampleThermoporoelasticConsolidation,0.0726,success,False,326.0,13,0,26,0.26440589999999997
M3_g_tool_grounded,s1,,TutorialPoroelasticity,0.2728,success,False,206.7,17,0,22,0.12164004
M3_g_tool_grounded,s1,,TutorialSneddon,0.1902,success,False,827.0,28,0,62,0.6874222800000002
M3_g_tool_grounded,s1,,buckleyLeverettProblem,0.3397,success,False,159.3,19,0,23,0.12963144
M3_g_tool_grounded,s1,,kgdExperimentValidation,0.2601,success,False,210.6,11,0,18,0.08153964
M3_g_tool_grounded,s1,,pknViscosityDominated,0.186,success,False,206.1,16,0,21,0.12911076
M3_g_tool_grounded,s2,403 weekly key limit (17/17 tasks),AdvancedExampleCasedContactThermoElasticWellbore,0.0,failed,True,56.8,10,0,10,0.015873119999999998
M3_g_tool_grounded,s2,403 weekly key limit (17/17 tasks),AdvancedExampleDeviatedElasticWellbore,0.0,failed,True,58.3,12,0,12,0.02705118
M3_g_tool_grounded,s2,403 weekly key limit (17/17 tasks),AdvancedExampleDruckerPrager,0.0,failed,True,65.4,8,0,10,0.030139859999999997
M3_g_tool_grounded,s2,403 weekly key limit (17/17 tasks),AdvancedExampleExtendedDruckerPrager,0.0,failed,True,114.9,9,0,11,0.0301212
M3_g_tool_grounded,s2,403 weekly key limit (17/17 tasks),AdvancedExampleModifiedCamClay,0.0,failed,True,61.6,13,0,13,0.02285856
M3_g_tool_grounded,s2,403 weekly key limit (17/17 tasks),AdvancedExampleViscoDruckerPrager,0.0,failed,True,7.1,0,0,0,
M3_g_tool_grounded,s2,403 weekly key limit (17/17 tasks),ExampleDPWellbore,0.0,failed,True,62.4,17,0,17,0.04358112
M3_g_tool_grounded,s2,403 weekly key limit (17/17 tasks),ExampleEDPWellbore,0.0,failed,True,63.8,12,0,12,0.023658600000000002
M3_g_tool_grounded,s2,403 weekly key limit (17/17 tasks),ExampleIsothermalLeakyWell,0.0,failed,True,115.8,12,0,13,0.0374706
M3_g_tool_grounded,s2,403 weekly key limit (17/17 tasks),ExampleMandel,0.0,failed,True,64.2,16,0,16,0.025103939999999998
M3_g_tool_grounded,s2,403 weekly key limit (17/17 tasks),ExampleThermalLeakyWell,0.0,failed,True,62.3,15,0,15,0.02644362
M3_g_tool_grounded,s2,403 weekly key limit (17/17 tasks),ExampleThermoporoelasticConsolidation,0.0,failed,True,6.9,0,0,0,
M3_g_tool_grounded,s2,403 weekly key limit (17/17 tasks),TutorialPoroelasticity,0.0,failed,True,6.8,0,0,0,
M3_g_tool_grounded,s2,403 weekly key limit (17/17 tasks),TutorialSneddon,0.0,failed,True,60.8,9,0,9,0.00883914
M3_g_tool_grounded,s2,403 weekly key limit (17/17 tasks),buckleyLeverettProblem,0.0,failed,True,7.4,0,0,0,
M3_g_tool_grounded,s2,403 weekly key limit (17/17 tasks),kgdExperimentValidation,0.0,failed,True,64.3,13,0,13,0.02057628
M3_g_tool_grounded,s2,403 weekly key limit (17/17 tasks),pknViscosityDominated,0.0,failed,True,7.0,0,0,0,
M3_g_tool_grounded,s3,403 weekly key limit (17/17 tasks),AdvancedExampleCasedContactThermoElasticWellbore,0.0,failed,True,14.0,0,0,0,
M3_g_tool_grounded,s3,403 weekly key limit (17/17 tasks),AdvancedExampleDeviatedElasticWellbore,0.0,failed,True,15.5,0,0,0,
M3_g_tool_grounded,s3,403 weekly key limit (17/17 tasks),AdvancedExampleDruckerPrager,0.0,failed,True,15.2,0,0,0,
M3_g_tool_grounded,s3,403 weekly key limit (17/17 tasks),AdvancedExampleExtendedDruckerPrager,0.0,failed,True,14.7,0,0,0,
M3_g_tool_grounded,s3,403 weekly key limit (17/17 tasks),AdvancedExampleModifiedCamClay,0.0,failed,True,13.8,0,0,0,
M3_g_tool_grounded,s3,403 weekly key limit (17/17 tasks),AdvancedExampleViscoDruckerPrager,0.0,failed,True,6.8,0,0,0,
M3_g_tool_grounded,s3,403 weekly key limit (17/17 tasks),ExampleDPWellbore,0.0,failed,True,15.7,0,0,0,
M3_g_tool_grounded,s3,403 weekly key limit (17/17 tasks),ExampleEDPWellbore,0.0,failed,True,15.4,0,0,0,
M3_g_tool_grounded,s3,403 weekly key limit (17/17 tasks),ExampleIsothermalLeakyWell,0.0,failed,True,13.5,0,0,0,
M3_g_tool_grounded,s3,403 weekly key limit (17/17 tasks),ExampleMandel,0.0,failed,True,16.2,0,0,0,
M3_g_tool_grounded,s3,403 weekly key limit (17/17 tasks),ExampleThermalLeakyWell,0.0,failed,True,15.7,0,0,0,
M3_g_tool_grounded,s3,403 weekly key limit (17/17 tasks),ExampleThermoporoelasticConsolidation,0.0,failed,True,9.4,0,0,0,
M3_g_tool_grounded,s3,403 weekly key limit (17/17 tasks),TutorialPoroelasticity,0.0,failed,True,10.2,0,0,0,
M3_g_tool_grounded,s3,403 weekly key limit (17/17 tasks),TutorialSneddon,0.0,failed,True,14.8,0,0,0,
M3_g_tool_grounded,s3,403 weekly key limit (17/17 tasks),buckleyLeverettProblem,0.0,failed,True,8.9,0,0,0,
M3_g_tool_grounded,s3,403 weekly key limit (17/17 tasks),kgdExperimentValidation,0.0,failed,True,15.9,0,0,0,
M3_g_tool_grounded,s3,403 weekly key limit (17/17 tasks),pknViscosityDominated,0.0,failed,True,10.5,0,0,0,
M4_u_items_ungrounded,s1,,AdvancedExampleCasedContactThermoElasticWellbore,0.4145,success,False,482.5,30,0,48,1.3757514
M4_u_items_ungrounded,s1,,AdvancedExampleDeviatedElasticWellbore,0.9586,success,False,144.7,15,0,24,0.3485274
M4_u_items_ungrounded,s1,,AdvancedExampleDruckerPrager,1.0,success,False,165.0,9,0,24,0.3539472
M4_u_items_ungrounded,s1,,AdvancedExampleExtendedDruckerPrager,0.9076,success,False,98.0,7,0,18,0.20489039999999997
M4_u_items_ungrounded,s1,,AdvancedExampleModifiedCamClay,0.966,success,False,121.9,5,0,18,0.15036839999999999
M4_u_items_ungrounded,s1,,AdvancedExampleViscoDruckerPrager,0.9497,success,False,131.9,6,0,13,0.2001531
M4_u_items_ungrounded,s1,,ExampleDPWellbore,0.856,success,False,130.1,10,0,18,0.239208
M4_u_items_ungrounded,s1,,ExampleEDPWellbore,0.345,success,False,229.4,15,0,28,0.5774154
M4_u_items_ungrounded,s1,,ExampleIsothermalLeakyWell,0.3516,success,False,374.2,22,0,37,0.9236226
M4_u_items_ungrounded,s1,,ExampleMandel,0.4066,success,False,296.6,21,0,43,1.1092344
M4_u_items_ungrounded,s1,,ExampleThermalLeakyWell,0.9547,success,False,410.1,11,0,32,0.6944727000000002
M4_u_items_ungrounded,s1,,ExampleThermoporoelasticConsolidation,0.904,error,False,,0,0,0,
M4_u_items_ungrounded,s1,,TutorialPoroelasticity,0.4817,success,False,170.3,17,0,24,0.3257349
M4_u_items_ungrounded,s1,,TutorialSneddon,0.9455,success,False,702.0,28,0,85,2.4483216000000008
M4_u_items_ungrounded,s1,,buckleyLeverettProblem,0.9567,success,False,183.7,8,0,26,0.4610862
M4_u_items_ungrounded,s1,,kgdExperimentValidation,0.369,success,False,276.9,25,0,34,0.802821
M4_u_items_ungrounded,s1,,pknViscosityDominated,0.3298,success,False,285.7,22,0,35,0.8609814000000001
M4_u_items_ungrounded,s2,,AdvancedExampleCasedContactThermoElasticWellbore,0.9463,success,False,184.3,17,0,32,0.0842898
M4_u_items_ungrounded,s2,,AdvancedExampleDeviatedElasticWellbore,0.9952,success,False,87.0,9,0,16,0.0909714
M4_u_items_ungrounded,s2,,AdvancedExampleDruckerPrager,0.9854,success,False,94.7,8,0,22,0.081927
M4_u_items_ungrounded,s2,,AdvancedExampleExtendedDruckerPrager,0.9371,success,False,90.6,5,0,12,0.058227600000000004
M4_u_items_ungrounded,s2,,AdvancedExampleModifiedCamClay,0.9582,success,False,146.4,8,0,26,0.0584346
M4_u_items_ungrounded,s2,,AdvancedExampleViscoDruckerPrager,1.0,success,False,120.5,8,0,22,
M4_u_items_ungrounded,s2,,ExampleDPWellbore,0.9025,success,False,236.8,15,0,24,0.0852948
M4_u_items_ungrounded,s2,,ExampleEDPWellbore,0.9616,success,False,248.8,12,0,22,0.0373866
M4_u_items_ungrounded,s2,,ExampleIsothermalLeakyWell,0.3577,success,False,328.2,18,0,31,0.0902394
M4_u_items_ungrounded,s2,,ExampleMandel,0.8755,success,False,331.8,24,0,48,0.1031514
M4_u_items_ungrounded,s2,,ExampleThermalLeakyWell,0.4102,success,False,340.5,24,0,32,0.0378048
M4_u_items_ungrounded,s2,,ExampleThermoporoelasticConsolidation,0.3925,success,False,184.9,23,0,29,
M4_u_items_ungrounded,s2,,TutorialPoroelasticity,0.5107,success,False,241.8,32,0,37,
M4_u_items_ungrounded,s2,,TutorialSneddon,0.9513,success,False,219.1,17,0,38,0.0811254
M4_u_items_ungrounded,s2,,buckleyLeverettProblem,0.9611,success,False,168.0,18,0,29,
M4_u_items_ungrounded,s2,,kgdExperimentValidation,0.2912,success,False,590.1,28,0,47,1.5678066
M4_u_items_ungrounded,s2,,pknViscosityDominated,0.2453,success,False,143.0,10,0,16,
M4_u_items_ungrounded,s3,402 credit exhaustion (13/17 tasks),AdvancedExampleCasedContactThermoElasticWellbore,0.0,failed,True,11.2,0,0,0,
M4_u_items_ungrounded,s3,402 credit exhaustion (13/17 tasks),AdvancedExampleDeviatedElasticWellbore,0.0,failed,True,5.6,0,0,0,
M4_u_items_ungrounded,s3,402 credit exhaustion (13/17 tasks),AdvancedExampleDruckerPrager,0.0,failed,True,7.1,0,0,0,
M4_u_items_ungrounded,s3,402 credit exhaustion (13/17 tasks),AdvancedExampleExtendedDruckerPrager,0.0,failed,True,12.9,0,0,0,
M4_u_items_ungrounded,s3,402 credit exhaustion (13/17 tasks),AdvancedExampleModifiedCamClay,0.0,failed,True,8.6,0,0,0,
M4_u_items_ungrounded,s3,402 credit exhaustion (13/17 tasks),AdvancedExampleViscoDruckerPrager,0.9611,success,False,141.8,9,0,19,0.36346799999999996
M4_u_items_ungrounded,s3,402 credit exhaustion (13/17 tasks),ExampleDPWellbore,0.0,failed,True,10.3,0,0,0,
M4_u_items_ungrounded,s3,402 credit exhaustion (13/17 tasks),ExampleEDPWellbore,0.0,failed,True,11.7,0,0,0,
M4_u_items_ungrounded,s3,402 credit exhaustion (13/17 tasks),ExampleIsothermalLeakyWell,0.0,failed,True,6.2,0,0,0,
M4_u_items_ungrounded,s3,402 credit exhaustion (13/17 tasks),ExampleMandel,0.0,failed,True,11.3,0,0,0,
M4_u_items_ungrounded,s3,402 credit exhaustion (13/17 tasks),ExampleThermalLeakyWell,0.0,failed,True,5.1,0,0,0,
M4_u_items_ungrounded,s3,402 credit exhaustion (13/17 tasks),ExampleThermoporoelasticConsolidation,0.9283,success,False,212.4,23,0,36,0.7264008000000001
M4_u_items_ungrounded,s3,402 credit exhaustion (13/17 tasks),TutorialPoroelasticity,0.3519,success,False,128.1,13,0,18,0.2530428
M4_u_items_ungrounded,s3,402 credit exhaustion (13/17 tasks),TutorialSneddon,0.0,failed,True,7.1,0,0,0,
M4_u_items_ungrounded,s3,402 credit exhaustion (13/17 tasks),buckleyLeverettProblem,0.3642,success,False,128.7,13,0,17,0.23327520000000002
M4_u_items_ungrounded,s3,402 credit exhaustion (13/17 tasks),kgdExperimentValidation,0.0,failed,True,10.8,0,0,0,
M4_u_items_ungrounded,s3,402 credit exhaustion (13/17 tasks),pknViscosityDominated,0.0,failed,True,4.4,0,0,0,
M4_g_items_grounded,s1,,AdvancedExampleCasedContactThermoElasticWellbore,0.9886,success,False,153.4,6,0,14,0.2120838
M4_g_items_grounded,s1,,AdvancedExampleDeviatedElasticWellbore,0.8596,success,False,158.6,11,0,21,0.33009120000000003
M4_g_items_grounded,s1,,AdvancedExampleDruckerPrager,1.0,success,False,170.7,8,0,24,0.28570019999999996
M4_g_items_grounded,s1,,AdvancedExampleExtendedDruckerPrager,0.9611,success,False,160.7,9,0,21,0.2723202
M4_g_items_grounded,s1,,AdvancedExampleModifiedCamClay,0.9076,success,False,137.7,8,0,21,0.270333
M4_g_items_grounded,s1,,AdvancedExampleViscoDruckerPrager,0.643,success,False,155.6,11,0,15,0.16467996
M4_g_items_grounded,s1,,ExampleDPWellbore,1.0,success,False,142.6,11,0,21,0.27051780000000003
M4_g_items_grounded,s1,,ExampleEDPWellbore,0.9791,success,False,138.8,6,0,13,0.158448
M4_g_items_grounded,s1,,ExampleIsothermalLeakyWell,0.9908,success,False,135.6,4,0,12,0.1915302
M4_g_items_grounded,s1,,ExampleMandel,0.508,success,False,192.2,18,0,24,0.37938419999999995
M4_g_items_grounded,s1,,ExampleThermalLeakyWell,0.3322,success,False,517.4,42,0,56,1.3482702000000002
M4_g_items_grounded,s1,,ExampleThermoporoelasticConsolidation,0.8675,success,False,143.9,9,0,16,0.14019744
M4_g_items_grounded,s1,,TutorialPoroelasticity,0.6571,success,False,230.9,8,0,20,0.31894859999999997
M4_g_items_grounded,s1,,TutorialSneddon,0.1839,success,False,737.0,29,0,58,1.39577484
M4_g_items_grounded,s1,,buckleyLeverettProblem,0.9844,success,False,106.5,9,0,13,0.1335114
M4_g_items_grounded,s1,,kgdExperimentValidation,0.98,success,False,147.5,11,0,17,0.24406800000000003
M4_g_items_grounded,s1,,pknViscosityDominated,1.0,success,False,264.9,6,0,15,0.1848648
M4_g_items_grounded,s2,,AdvancedExampleCasedContactThermoElasticWellbore,0.0456,success,False,470.3,16,0,23,0.14376
M4_g_items_grounded,s2,,AdvancedExampleDeviatedElasticWellbore,0.1005,success,False,455.8,24,0,42,0.32869356000000005
M4_g_items_grounded,s2,,AdvancedExampleDruckerPrager,0.4495,success,False,218.7,12,0,19,0.10215054000000001
M4_g_items_grounded,s2,,AdvancedExampleExtendedDruckerPrager,0.3106,success,False,301.2,22,0,29,0.13509299999999996
M4_g_items_grounded,s2,,AdvancedExampleModifiedCamClay,0.5918,success,False,294.0,12,0,25,0.13269894
M4_g_items_grounded,s2,,AdvancedExampleViscoDruckerPrager,0.469,success,False,190.0,12,0,20,0.07192038
M4_g_items_grounded,s2,,ExampleDPWellbore,0.3023,success,False,256.3,11,0,20,0.13232178
M4_g_items_grounded,s2,,ExampleEDPWellbore,0.9942,success,False,446.8,16,0,28,0.22072350000000002
M4_g_items_grounded,s2,,ExampleIsothermalLeakyWell,0.2698,success,False,585.0,15,0,30,0.24732918
M4_g_items_grounded,s2,,ExampleMandel,0.1082,success,False,415.2,17,0,29,0.17512025999999997
M4_g_items_grounded,s2,,ExampleThermalLeakyWell,0.2606,success,False,659.7,27,0,43,0.31098702
M4_g_items_grounded,s2,,ExampleThermoporoelasticConsolidation,0.2516,success,False,318.0,14,0,27,0.23322527999999998
M4_g_items_grounded,s2,,TutorialPoroelasticity,0.386,success,False,256.3,14,0,18,0.09207714
M4_g_items_grounded,s2,,TutorialSneddon,0.1385,success,False,679.3,15,0,48,0.45827586
M4_g_items_grounded,s2,,buckleyLeverettProblem,0.349,success,False,334.3,21,0,31,0.13556736
M4_g_items_grounded,s2,,kgdExperimentValidation,0.2066,success,False,559.8,19,0,41,0.36847541999999994
M4_g_items_grounded,s2,,pknViscosityDominated,0.0883,success,False,433.1,19,0,28,0.18567690000000003
M4_g_items_grounded,s3,,AdvancedExampleCasedContactThermoElasticWellbore,0.1233,success,False,127.7,8,0,13,0.042190200000000004
M4_g_items_grounded,s3,,AdvancedExampleDeviatedElasticWellbore,0.1488,success,False,128.4,9,0,20,0.03841482
M4_g_items_grounded,s3,,AdvancedExampleDruckerPrager,0.363,success,False,98.8,9,0,11,0.01495728
M4_g_items_grounded,s3,,AdvancedExampleExtendedDruckerPrager,0.4349,success,False,88.8,10,0,24,0.03004068
M4_g_items_grounded,s3,,AdvancedExampleModifiedCamClay,0.5332,success,False,141.2,12,0,20,0.06763518
M4_g_items_grounded,s3,,AdvancedExampleViscoDruckerPrager,0.0,success,False,8.1,0,0,0,
M4_g_items_grounded,s3,,ExampleDPWellbore,0.2321,success,False,100.4,14,0,17,0.03267858
M4_g_items_grounded,s3,,ExampleEDPWellbore,0.3645,success,False,88.5,10,0,14,0.06498846
M4_g_items_grounded,s3,,ExampleIsothermalLeakyWell,0.3689,success,False,93.2,7,0,9,0.01081248
M4_g_items_grounded,s3,,ExampleMandel,0.4696,success,False,302.6,21,0,34,0.24913733999999998
M4_g_items_grounded,s3,,ExampleThermalLeakyWell,0.3113,success,False,192.9,9,0,15,0.09953208000000001
M4_g_items_grounded,s3,,ExampleThermoporoelasticConsolidation,0.2163,success,False,175.2,19,0,23,0.10099308000000001
M4_g_items_grounded,s3,,TutorialPoroelasticity,0.2769,success,False,368.4,24,0,37,0.24076836
M4_g_items_grounded,s3,,TutorialSneddon,0.1809,success,False,504.1,18,0,42,0.29314956000000003
M4_g_items_grounded,s3,,buckleyLeverettProblem,0.5372,success,False,145.0,9,0,16,0.09006924
M4_g_items_grounded,s3,,kgdExperimentValidation,0.2066,success,False,337.3,12,0,25,0.14835288
M4_g_items_grounded,s3,,pknViscosityDominated,0.0,success,False,7.3,0,0,0,
